,BRAND-TITLE,STOPS,DURATION,PRICE
0,Air Asia,1 Stop,9h 50m,"5,879"
1,Air Asia,1 Stop,13h 00m,"5,879"
2,IndiGo,1 Stop,6h 05m,"5,884"
3,IndiGo,1 Stop,6h 05m,"5,884"
4,IndiGo,1 Stop,8h 50m,"5,884"
5,IndiGo,1 Stop,10h 25m,"5,884"
6,IndiGo,1 Stop,10h 35m,"5,884"
7,Air Asia,1 Stop,5h 15m,"6,358"
8,IndiGo,1 Stop,8h 45m,"6,372"
9,IndiGo,1 Stop,9h 15m,"7,349"
10,IndiGo,Non Stop,2h 00m,"8,089"
11,Go First,Non Stop,2h 00m,"8,403"
12,IndiGo,1 Stop,6h 05m,"8,814"
13,IndiGo,1 Stop,10h 10m,"8,814"
14,IndiGo,1 Stop,8h 25m,"9,302"
15,IndiGo,Non Stop,2h 00m,"9,927"
16,IndiGo,1 Stop,5h 30m,"10,278"
17,IndiGo,1 Stop,4h 45m,"11,685"
18,IndiGo,1 Stop,10h 15m,"11,869"
19,Vistara,1 Stop,12h 00m,"12,498"
20,Vistara,1 Stop,20h 05m,"12,498"
21,Vistara,1 Stop,20h 35m,"12,498"
22,Vistara,1 Stop,23h 10m,"12,498"
23,Vistara,1 Stop,24h 10m,"12,498"
24,Vistara,1 Stop,13h 50m,"12,676"
25,Vistara,1 Stop,15h 15m,"12,676"
26,Vistara,1 Stop,16h 40m,"12,676"
27,Vistara,1 Stop,18h 05m,"12,676"
28,Vistara,1 Stop,19h 05m,"12,676"
29,Vistara,1 Stop,21h 45m,"12,676"
30,Vistara,1 Stop,25h 20m,"12,676"
31,Vistara,1 Stop,15h 40m,"13,212"
32,IndiGo,1 Stop,7h 10m,"13,696"
33,IndiGo,1 Stop,6h 00m,"14,184"
34,Air India,1 Stop,12h 55m,"14,599"
35,Air India,1 Stop,14h 00m,"14,599"
36,Air India,1 Stop,15h 05m,"14,599"
37,Air India,1 Stop,16h 10m,"14,599"
38,Air India,1 Stop,16h 40m,"14,599"
39,Air India,1 Stop,18h 50m,"14,599"
40,Air India,2 Stop(s),21h 50m,"14,599"
41,Air India,1 Stop,23h 50m,"14,599"
42,Air India,2 Stop(s),24h 00m,"14,599"
43,Air India,1 Stop,25h 05m,"14,599"
44,Air India,1 Stop,26h 00m,"14,599"
45,Air India,1 Stop,26h 00m,"14,599"
46,IndiGo,1 Stop,10h 10m,"14,673"
47,IndiGo,1 Stop,7h 00m,"15,161"
48,IndiGo,Non Stop,2h 00m,"15,649"
49,IndiGo,1 Stop,4h 40m,"15,649"
50,IndiGo,1 Stop,11h 10m,"19,797"
51,IndiGo,1 Stop,5h 40m,"19,954"
52,Vistara,2 Stop(s),25h 40m,"20,026"
53,Vistara,2 Stop(s),25h 40m,"20,026"
54,Air India,2 Stop(s),24h 35m,"22,317"
55,Air India,2 Stop(s),26h 45m,"22,317"
56,Vistara,1 Stop,10h 35m,"24,049"
57,Vistara,1 Stop,9h 35m,"24,154"
58,Vistara,1 Stop,7h 00m,"24,784"
59,Vistara,1 Stop,8h 10m,"24,784"
60,Vistara,1 Stop,12h 30m,"24,784"
61,Vistara,1 Stop,11h 45m,"25,099"
62,Vistara,1 Stop,14h 20m,"25,099"
63,Vistara,1 Stop,13h 20m,"27,619"
64,Vistara,2 Stop(s),10h 45m,"31,557"
65,Vistara,2 Stop(s),12h 05m,"31,609"
66,Vistara,2 Stop(s),12h 05m,"31,609"
67,Vistara,2 Stop(s),11h 15m,"32,082"
68,Air Asia,1 Stop,9h 50m,"5,879"
69,IndiGo,Non Stop,2h 00m,"5,884"
70,IndiGo,Non Stop,2h 00m,"5,884"
71,IndiGo,Non Stop,2h 00m,"5,884"
72,Air India,Non Stop,2h 00m,"5,884"
73,IndiGo,1 Stop,6h 05m,"5,884"
74,IndiGo,1 Stop,6h 05m,"5,884"
75,IndiGo,1 Stop,8h 45m,"5,884"
76,IndiGo,1 Stop,8h 50m,"5,884"
77,IndiGo,1 Stop,10h 15m,"5,884"
78,IndiGo,1 Stop,10h 25m,"5,884"
79,Go First,Non Stop,2h 05m,"5,885"
80,IndiGo,1 Stop,8h 25m,"6,372"
81,IndiGo,1 Stop,9h 15m,"6,372"
82,IndiGo,1 Stop,10h 10m,"6,861"
83,IndiGo,1 Stop,10h 35m,"6,861"
84,Go First,Non Stop,2h 00m,"7,669"
85,Air India,2 Stop(s),17h 05m,"7,722"
86,IndiGo,1 Stop,6h 05m,"7,837"
87,IndiGo,1 Stop,4h 45m,"8,325"
88,Air India,3 Stop(s),8h 25m,"8,404"
89,IndiGo,1 Stop,9h 20m,"10,278"
90,Air Asia,1 Stop,5h 15m,"11,120"
91,Air Asia,1 Stop,13h 00m,"11,120"
92,IndiGo,1 Stop,7h 10m,"11,397"
93,IndiGo,1 Stop,7h 00m,"11,502"
94,Air India,3 Stop(s),17h 35m,"11,820"
95,Air India,3 Stop(s),18h 40m,"11,820"
96,Air India,3 Stop(s),19h 45m,"11,820"
97,Air India,3 Stop(s),21h 20m,"11,820"
98,Vistara,1 Stop,12h 00m,"12,498"
99,Vistara,1 Stop,20h 35m,"12,498"
100,Vistara,1 Stop,13h 50m,"12,676"
101,Vistara,1 Stop,18h 05m,"12,676"
102,Vistara,1 Stop,19h 05m,"12,676"
103,Vistara,1 Stop,23h 10m,"12,676"
104,Vistara,1 Stop,16h 40m,"13,212"
105,Vistara,1 Stop,21h 45m,"13,212"
106,Vistara,1 Stop,15h 40m,"13,926"
107,Vistara,1 Stop,25h 20m,"13,926"
108,Vistara,1 Stop,26h 05m,"13,926"
109,IndiGo,1 Stop,5h 30m,"14,184"
110,IndiGo,1 Stop,4h 40m,"14,673"
111,IndiGo,1 Stop,10h 10m,"14,673"
112,IndiGo,1 Stop,5h 40m,"15,161"
113,IndiGo,1 Stop,11h 10m,"15,161"
114,Vistara,1 Stop,27h 55m,"16,068"
115,Air India,3 Stop(s),9h 10m,"16,594"
116,Air India,3 Stop(s),16h 50m,"16,594"
117,Vistara,2 Stop(s),18h 35m,"17,097"
118,Vistara,2 Stop(s),27h 05m,"17,149"
119,Vistara,2 Stop(s),27h 05m,"17,149"
120,IndiGo,1 Stop,7h 00m,"18,064"
121,Vistara,1 Stop,6h 30m,"18,169"
122,Vistara,1 Stop,7h 00m,"18,169"
123,Vistara,1 Stop,9h 35m,"18,169"
124,Vistara,1 Stop,10h 35m,"18,169"
125,Vistara,1 Stop,8h 10m,"18,274"
126,Vistara,1 Stop,11h 45m,"18,274"
127,Vistara,1 Stop,12h 30m,"18,274"
128,Vistara,1 Stop,14h 20m,"18,274"
129,Vistara,1 Stop,13h 20m,"18,589"
130,Vistara,2 Stop(s),25h 40m,"19,291"
131,Vistara,2 Stop(s),25h 40m,"19,291"
132,IndiGo,1 Stop,6h 00m,"19,429"
133,Vistara,2 Stop(s),11h 15m,"24,364"
134,Vistara,2 Stop(s),10h 45m,"24,469"
135,Vistara,2 Stop(s),12h 05m,"24,784"
136,Vistara,2 Stop(s),12h 05m,"24,784"
137,Air Asia,1 Stop,4h 00m,"5,879"
138,Air Asia,1 Stop,4h 35m,"5,879"
139,Air Asia,1 Stop,7h 55m,"5,879"
140,Air Asia,1 Stop,9h 15m,"5,879"
141,Air Asia,1 Stop,9h 50m,"5,879"
142,Air Asia,1 Stop,9h 50m,"5,879"
143,Air Asia,1 Stop,11h 45m,"5,879"
144,IndiGo,1 Stop,6h 05m,"5,884"
145,IndiGo,1 Stop,6h 05m,"5,884"
146,IndiGo,1 Stop,6h 05m,"5,884"
147,IndiGo,1 Stop,6h 25m,"5,884"
148,IndiGo,1 Stop,7h 55m,"5,884"
149,IndiGo,1 Stop,8h 45m,"5,884"
150,IndiGo,1 Stop,8h 50m,"5,884"
151,IndiGo,1 Stop,9h 15m,"5,884"
152,IndiGo,1 Stop,10h 10m,"5,884"
153,IndiGo,1 Stop,10h 15m,"5,884"
154,IndiGo,1 Stop,10h 25m,"5,884"
155,IndiGo,1 Stop,10h 35m,"5,884"
156,IndiGo,1 Stop,10h 35m,"5,884"
157,Go First,Non Stop,2h 05m,"5,885"
158,IndiGo,1 Stop,8h 25m,"6,372"
159,Go First,Non Stop,2h 00m,"7,039"
160,Air Asia,Non Stop,2h 10m,"7,301"
161,Air India,2 Stop(s),5h 35m,"8,089"
162,Air India,2 Stop(s),17h 05m,"8,089"
163,IndiGo,1 Stop,7h 10m,"8,325"
164,IndiGo,Non Stop,2h 00m,"8,509"
165,IndiGo,Non Stop,2h 00m,"8,509"
166,IndiGo,Non Stop,2h 00m,"8,929"
167,IndiGo,1 Stop,4h 45m,"9,087"
168,IndiGo,1 Stop,7h 00m,"9,302"
169,IndiGo,1 Stop,7h 00m,"9,302"
170,IndiGo,1 Stop,9h 00m,"9,790"
171,Air India,Non Stop,2h 00m,"10,189"
172,IndiGo,1 Stop,6h 00m,"10,278"
173,IndiGo,1 Stop,9h 20m,"10,557"
174,IndiGo,1 Stop,4h 40m,"10,767"
175,IndiGo,1 Stop,5h 40m,"10,767"
176,Air India,3 Stop(s),8h 25m,"11,134"
177,Air India,3 Stop(s),17h 35m,"12,187"
178,Air India,3 Stop(s),18h 40m,"12,187"
179,IndiGo,1 Stop,10h 10m,"14,757"
180,IndiGo,1 Stop,5h 30m,"15,161"
181,IndiGo,1 Stop,11h 10m,"15,161"
182,Air India,3 Stop(s),8h 40m,"15,439"
183,Air India,3 Stop(s),16h 50m,"16,489"
184,Vistara,1 Stop,12h 00m,"22,264"
185,Vistara,1 Stop,13h 50m,"22,264"
186,Vistara,1 Stop,15h 15m,"22,264"
187,Vistara,1 Stop,15h 40m,"22,264"
188,Vistara,1 Stop,16h 40m,"22,264"
189,Vistara,1 Stop,18h 05m,"22,264"
190,Vistara,1 Stop,19h 05m,"22,264"
191,Vistara,1 Stop,20h 35m,"22,264"
192,Vistara,1 Stop,23h 10m,"22,264"
193,Vistara,1 Stop,25h 20m,"22,264"
194,Vistara,1 Stop,26h 55m,"22,264"
195,Vistara,1 Stop,27h 55m,"22,264"
196,Vistara,1 Stop,21h 45m,"22,369"
197,Vistara,1 Stop,24h 10m,"22,369"
198,Vistara,1 Stop,26h 05m,"22,369"
199,Air India,1 Stop,15h 05m,"30,034"
200,Air India,1 Stop,16h 10m,"30,034"
201,Air India,1 Stop,17h 15m,"30,034"
202,Air India,1 Stop,18h 50m,"30,034"
203,Air India,2 Stop(s),24h 00m,"30,034"
204,Air India,1 Stop,26h 00m,"30,034"
205,Air India,1 Stop,27h 15m,"30,034"
206,Air India,1 Stop,28h 10m,"30,034"
207,Air Asia,1 Stop,5h 15m,"2,399"
208,Air Asia,1 Stop,5h 50m,"2,399"
209,Air Asia,1 Stop,7h 55m,"2,399"
210,Air Asia,1 Stop,9h 15m,"2,399"
211,Air Asia,1 Stop,9h 50m,"2,399"
212,Air Asia,1 Stop,9h 50m,"2,399"
213,Air Asia,1 Stop,13h 00m,"2,399"
214,Air Asia,Non Stop,2h 10m,"2,849"
215,IndiGo,Non Stop,2h 00m,"2,850"
216,IndiGo,Non Stop,2h 00m,"2,850"
217,Go First,Non Stop,2h 00m,"2,850"
218,Go First,Non Stop,2h 05m,"2,850"
219,IndiGo,1 Stop,8h 10m,"3,066"
220,IndiGo,1 Stop,8h 50m,"3,066"
221,IndiGo,1 Stop,9h 50m,"3,066"
222,IndiGo,1 Stop,4h 55m,"3,558"
223,IndiGo,1 Stop,8h 25m,"3,666"
224,Air India,Non Stop,2h 00m,"3,787"
225,Air India,2 Stop(s),17h 05m,"3,858"
226,IndiGo,1 Stop,7h 10m,"4,086"
227,IndiGo,1 Stop,7h 15m,"4,188"
228,IndiGo,1 Stop,4h 45m,"4,296"
229,IndiGo,Non Stop,2h 00m,"4,521"
230,IndiGo,1 Stop,9h 00m,"4,569"
231,IndiGo,1 Stop,7h 00m,"4,716"
232,IndiGo,1 Stop,9h 20m,"5,346"
233,Air India,3 Stop(s),8h 25m,"5,674"
234,IndiGo,1 Stop,4h 40m,"5,884"
235,IndiGo,1 Stop,5h 20m,"5,884"
236,IndiGo,1 Stop,5h 25m,"5,884"
237,IndiGo,1 Stop,5h 30m,"5,884"
238,IndiGo,1 Stop,5h 40m,"5,884"
239,IndiGo,1 Stop,5h 50m,"5,884"
240,IndiGo,1 Stop,6h 00m,"5,884"
241,IndiGo,1 Stop,6h 05m,"5,884"
242,IndiGo,1 Stop,6h 05m,"5,884"
243,IndiGo,1 Stop,6h 05m,"5,884"
244,IndiGo,1 Stop,6h 25m,"5,884"
245,IndiGo,1 Stop,6h 55m,"5,884"
246,IndiGo,1 Stop,7h 00m,"5,884"
247,IndiGo,1 Stop,7h 05m,"5,884"
248,IndiGo,1 Stop,7h 55m,"5,884"
249,IndiGo,1 Stop,8h 25m,"5,884"
250,IndiGo,1 Stop,8h 45m,"5,884"
251,IndiGo,1 Stop,9h 15m,"5,884"
252,IndiGo,1 Stop,9h 35m,"5,884"
253,Vistara,1 Stop,12h 00m,"5,944"
254,Vistara,1 Stop,15h 40m,"6,168"
255,Vistara,1 Stop,16h 40m,"6,168"
256,Vistara,1 Stop,18h 05m,"6,168"
257,Vistara,1 Stop,20h 35m,"6,168"
258,Vistara,1 Stop,21h 45m,"6,168"
259,Vistara,1 Stop,19h 05m,"6,378"
260,Vistara,1 Stop,26h 55m,"6,469"
261,Vistara,1 Stop,13h 50m,"6,568"
262,Vistara,1 Stop,15h 15m,"6,568"
263,Vistara,1 Stop,23h 10m,"6,568"
264,Vistara,1 Stop,24h 10m,"6,568"
265,Vistara,1 Stop,25h 20m,"6,568"
266,Air India,3 Stop(s),16h 50m,"7,501"
267,Air India,3 Stop(s),8h 40m,"7,816"
268,Air India,3 Stop(s),17h 35m,"8,228"
269,Air India,3 Stop(s),18h 40m,"8,228"
270,Air India,3 Stop(s),19h 45m,"8,228"
271,Air India,3 Stop(s),21h 20m,"8,228"
272,Air India,1 Stop,12h 55m,"8,936"
273,Air India,1 Stop,14h 00m,"8,936"
274,Air India,1 Stop,15h 05m,"8,936"
275,Air India,1 Stop,16h 40m,"8,936"
276,Air India,2 Stop(s),21h 50m,"8,936"
277,Air India,1 Stop,23h 50m,"9,251"
278,Air India,2 Stop(s),26h 55m,"10,693"
279,Vistara,2 Stop(s),25h 40m,"11,036"
280,Vistara,2 Stop(s),25h 40m,"11,036"
281,Vistara,1 Stop,14h 20m,"12,065"
282,Vistara,1 Stop,22h 25m,"12,065"
283,Vistara,1 Stop,13h 20m,"12,275"
284,Vistara,1 Stop,7h 00m,"12,289"
285,Vistara,1 Stop,12h 30m,"12,289"
286,Vistara,1 Stop,26h 05m,"12,289"
287,Vistara,1 Stop,27h 05m,"12,289"
288,Vistara,1 Stop,8h 10m,"12,499"
289,Vistara,1 Stop,9h 35m,"12,689"
290,Vistara,1 Stop,10h 35m,"12,689"
291,Vistara,1 Stop,11h 45m,"12,689"
292,Vistara,2 Stop(s),26h 00m,"13,898"
293,Vistara,2 Stop(s),26h 00m,"13,898"
294,Vistara,2 Stop(s),12h 05m,"14,880"
295,Vistara,2 Stop(s),12h 05m,"14,880"
296,Vistara,2 Stop(s),13h 30m,"15,537"
297,Vistara,2 Stop(s),10h 45m,"15,885"
298,Vistara,2 Stop(s),11h 15m,"15,885"
299,Vistara,2 Stop(s),12h 20m,"15,885"
300,Vistara,2 Stop(s),12h 20m,"15,885"
301,Vistara,2 Stop(s),13h 05m,"19,244"
302,Air Asia,1 Stop,,
303,Air Asia,1 Stop,,
304,Air Asia,1 Stop,,
305,IndiGo,Non Stop,,
306,Go First,Non Stop,,
307,Go First,Non Stop,,
308,IndiGo,1 Stop,,
309,IndiGo,1 Stop,,
310,IndiGo,1 Stop,,
311,IndiGo,1 Stop,,
312,IndiGo,1 Stop,,
313,IndiGo,1 Stop,,
314,IndiGo,Non Stop,,
315,IndiGo,1 Stop,,
316,IndiGo,1 Stop,,
317,IndiGo,1 Stop,,
318,IndiGo,1 Stop,,
319,IndiGo,Non Stop,,
320,Air India,Non Stop,,
321,Air India,2 Stop(s),,
322,Air India,2 Stop(s),,
323,IndiGo,1 Stop,,
324,IndiGo,1 Stop,,
325,IndiGo,1 Stop,,
326,IndiGo,1 Stop,,
327,Air India,3 Stop(s),,
328,Vistara,1 Stop,,
329,Air India,1 Stop,,
330,Air India,1 Stop,,
331,Vistara,1 Stop,,
332,Air India,1 Stop,,
333,Air India,1 Stop,,
334,Air India,1 Stop,,
335,Air India,1 Stop,,
336,Air India,1 Stop,,
337,Air India,1 Stop,,
338,Air India,2 Stop(s),,
339,Air India,2 Stop(s),,
340,Air India,1 Stop,,
341,Air India,1 Stop,,
342,IndiGo,1 Stop,,
343,IndiGo,1 Stop,,
344,IndiGo,1 Stop,,
345,IndiGo,1 Stop,,
346,IndiGo,1 Stop,,
347,IndiGo,1 Stop,,
348,IndiGo,1 Stop,,
349,IndiGo,1 Stop,,
350,IndiGo,1 Stop,,
351,IndiGo,1 Stop,,
352,IndiGo,1 Stop,,
353,IndiGo,1 Stop,,
354,IndiGo,1 Stop,,
355,IndiGo,1 Stop,,
356,Vistara,1 Stop,,
357,Vistara,1 Stop,,
358,Vistara,1 Stop,,
359,Vistara,1 Stop,,
360,Vistara,1 Stop,,
361,Vistara,1 Stop,,
362,Vistara,1 Stop,,
363,Vistara,1 Stop,,
364,Vistara,1 Stop,,
365,Vistara,1 Stop,,
366,Vistara,1 Stop,,
367,Vistara,1 Stop,,
368,Vistara,1 Stop,,
369,Vistara,1 Stop,,
370,Vistara,1 Stop,,
371,Vistara,1 Stop,,
372,Air India,2 Stop(s),,
373,Air India,2 Stop(s),,
374,Vistara,2 Stop(s),,
375,Vistara,2 Stop(s),,
376,Vistara,2 Stop(s),,
377,Vistara,2 Stop(s),,
378,Vistara,2 Stop(s),,
379,Vistara,2 Stop(s),,
380,Vistara,2 Stop(s),,
381,Vistara,2 Stop(s),,
382,Air India,3 Stop(s),,
383,Vistara,2 Stop(s),12h 05m,"10,057"
384,Vistara,2 Stop(s),12h 05m,"10,057"
385,Vistara,2 Stop(s),25h 40m,"10,057"
386,Vistara,2 Stop(s),25h 40m,"10,057"
387,Air Asia,1 Stop,7h 55m,
388,Air Asia,1 Stop,9h 50m,
389,Air Asia,1 Stop,13h 00m,
390,IndiGo,Non Stop,2h 00m,
391,Go First,Non Stop,2h 05m,
392,Air India,Non Stop,2h 00m,
393,IndiGo,Non Stop,2h 00m,
394,IndiGo,1 Stop,8h 10m,
395,IndiGo,1 Stop,8h 50m,
396,IndiGo,1 Stop,9h 50m,
397,IndiGo,1 Stop,10h 30m,
398,IndiGo,1 Stop,10h 50m,
399,IndiGo,Non Stop,2h 00m,
400,IndiGo,1 Stop,4h 45m,
401,IndiGo,1 Stop,4h 55m,
402,IndiGo,1 Stop,8h 25m,
403,IndiGo,1 Stop,7h 10m,
404,IndiGo,1 Stop,10h 10m,
405,Air India,2 Stop(s),7h 40m,
406,Air India,2 Stop(s),19h 10m,
407,IndiGo,1 Stop,7h 15m,
408,IndiGo,1 Stop,7h 00m,
409,Go First,Non Stop,2h 00m,
410,IndiGo,1 Stop,9h 00m,
411,IndiGo,1 Stop,9h 20m,
412,Air India,3 Stop(s),10h 30m,
413,Vistara,1 Stop,12h 00m,
414,Air India,1 Stop,12h 55m,
415,Vistara,1 Stop,13h 20m,
416,Air India,1 Stop,14h 00m,
417,Vistara,1 Stop,14h 20m,
418,Air India,1 Stop,15h 05m,
419,Air India,2 Stop(s),21h 50m,
420,Vistara,1 Stop,22h 25m,
421,Air India,1 Stop,23h 50m,
422,IndiGo,1 Stop,5h 20m,
423,IndiGo,1 Stop,5h 30m,
424,IndiGo,1 Stop,5h 45m,
425,IndiGo,1 Stop,6h 00m,
426,IndiGo,1 Stop,6h 05m,
427,IndiGo,1 Stop,7h 00m,
428,IndiGo,1 Stop,8h 00m,
429,IndiGo,1 Stop,8h 25m,
430,IndiGo,1 Stop,9h 00m,
431,IndiGo,1 Stop,10h 10m,
432,IndiGo,1 Stop,10h 25m,
433,IndiGo,1 Stop,10h 25m,
434,IndiGo,1 Stop,10h 35m,
435,IndiGo,1 Stop,11h 10m,
436,Vistara,1 Stop,7h 00m,
437,Vistara,1 Stop,8h 10m,
438,Vistara,1 Stop,12h 30m,
439,Vistara,1 Stop,16h 40m,
440,Vistara,1 Stop,18h 05m,
441,Vistara,1 Stop,19h 05m,
442,Vistara,1 Stop,20h 35m,
443,Vistara,1 Stop,21h 45m,
444,Air India,1 Stop,16h 40m,
445,Vistara,1 Stop,15h 40m,
446,Vistara,1 Stop,9h 35m,
447,Vistara,1 Stop,10h 35m,
448,Vistara,1 Stop,11h 45m,
449,Vistara,1 Stop,13h 50m,
450,Vistara,1 Stop,15h 15m,
451,Vistara,1 Stop,23h 10m,
452,Air India,1 Stop,14h 45m,
453,Air India,1 Stop,15h 50m,
454,Air India,1 Stop,16h 55m,
455,Air India,2 Stop(s),23h 40m,
456,Air India,1 Stop,25h 40m,
457,Air India,1 Stop,18h 30m,
458,Air India,2 Stop(s),26h 55m,
459,Air India,3 Stop(s),10h 45m,
460,Air India,2 Stop(s),28h 45m,
461,Vistara,2 Stop(s),13h 05m,
462,Vistara,2 Stop(s),12h 05m,
463,Vistara,2 Stop(s),12h 05m,
464,Vistara,2 Stop(s),26h 00m,
465,Vistara,2 Stop(s),26h 00m,
466,Vistara,2 Stop(s),25h 40m,
467,Vistara,2 Stop(s),25h 40m,
468,Vistara,2 Stop(s),12h 20m,
469,Vistara,2 Stop(s),13h 30m,"9,520"
470,Vistara,2 Stop(s),10h 45m,"9,554"
471,Vistara,2 Stop(s),11h 15m,"9,554"
472,Vistara,2 Stop(s),12h 20m,"9,554"
473,Air Asia,1 Stop,,
474,Air Asia,1 Stop,,
475,Air Asia,1 Stop,,"2,098"
476,Air Asia,1 Stop,,
477,Air Asia,1 Stop,,
478,Air Asia,1 Stop,,
479,Air Asia,1 Stop,,
480,Air Asia,1 Stop,,
481,Air Asia,1 Stop,,
482,Air India,Non Stop,,
483,IndiGo,1 Stop,,
484,IndiGo,1 Stop,,
485,IndiGo,1 Stop,,
486,IndiGo,1 Stop,,
487,IndiGo,1 Stop,,
488,IndiGo,1 Stop,,
489,IndiGo,1 Stop,,
490,IndiGo,2 Stop(s),,
491,Air Asia,Non Stop,,
492,Go First,Non Stop,,
493,IndiGo,Non Stop,,
494,Go First,Non Stop,,
495,Air India,Non Stop,,
496,IndiGo,1 Stop,,
497,IndiGo,1 Stop,,
498,IndiGo,1 Stop,,
499,IndiGo,1 Stop,,
500,IndiGo,1 Stop,,
501,IndiGo,1 Stop,,
502,IndiGo,1 Stop,,
503,IndiGo,1 Stop,,
504,IndiGo,1 Stop,,
505,IndiGo,1 Stop,,
506,IndiGo,1 Stop,,
507,IndiGo,1 Stop,,
508,IndiGo,1 Stop,,
509,IndiGo,1 Stop,,
510,IndiGo,1 Stop,,
511,IndiGo,1 Stop,,
512,Air India,2 Stop(s),,
513,Air India,2 Stop(s),,
514,Air India,2 Stop(s),,
515,IndiGo,1 Stop,,"4,058"
516,IndiGo,1 Stop,,
517,IndiGo,1 Stop,,
518,IndiGo,1 Stop,,
519,Go First,1 Stop,,
520,Go First,1 Stop,,
521,Go First,1 Stop,,
522,IndiGo,1 Stop,,
523,IndiGo,1 Stop,,
524,Air India,3 Stop(s),,"5,359"
525,IndiGo,Non Stop,,
526,Air India,3 Stop(s),,
527,Air India,3 Stop(s),,
528,Vistara,1 Stop,,
529,Air India,1 Stop,,
530,Vistara,1 Stop,,
531,Air India,1 Stop,,
532,Vistara,1 Stop,,
533,Air India,1 Stop,,
534,Air India,1 Stop,,
535,Air India,1 Stop,,
536,Air India,1 Stop,,
537,Air India,2 Stop(s),,
538,Air India,2 Stop(s),,
539,Vistara,1 Stop,,
540,Vistara,1 Stop,,
541,Vistara,1 Stop,,
542,Vistara,1 Stop,,
543,Vistara,1 Stop,,
544,Vistara,1 Stop,,
545,Vistara,1 Stop,,
546,Vistara,1 Stop,,
547,Vistara,1 Stop,,
548,Air India,1 Stop,,
549,Air India,1 Stop,,
550,Air India,1 Stop,,
551,Air India,1 Stop,,
552,Vistara,1 Stop,,
553,Vistara,1 Stop,,
554,Vistara,1 Stop,,"6,358"
555,Vistara,1 Stop,,
556,Vistara,1 Stop,,
557,Vistara,1 Stop,,
558,Vistara,2 Stop(s),,
559,Vistara,2 Stop(s),,
560,Vistara,2 Stop(s),,
561,Vistara,2 Stop(s),,
562,Vistara,2 Stop(s),,
563,Vistara,2 Stop(s),,
564,Vistara,2 Stop(s),,"9,205"
565,Vistara,2 Stop(s),,
566,Vistara,2 Stop(s),12h 05m,"9,352"
567,Vistara,2 Stop(s),10h 30m,"9,554"
568,Vistara,2 Stop(s),11h 00m,"9,554"
569,Vistara,2 Stop(s),12h 05m,"9,554"
570,IndiGo,1 Stop,4h 15m,"2,107"
571,IndiGo,1 Stop,6h 40m,"2,107"
572,IndiGo,1 Stop,8h 45m,"2,107"
573,IndiGo,1 Stop,9h 10m,"2,107"
574,IndiGo,1 Stop,10h 20m,"2,107"
575,Air India,Non Stop,2h 05m,"2,544"
576,Air India,Non Stop,2h 10m,"2,544"
577,Air Asia,Non Stop,2h 10m,"2,849"
578,Go First,Non Stop,2h 05m,"2,850"
579,Go First,Non Stop,2h 10m,"2,850"
580,IndiGo,Non Stop,2h 05m,"3,051"
581,IndiGo,Non Stop,2h 10m,"3,051"
582,IndiGo,1 Stop,4h 35m,"3,083"
583,IndiGo,1 Stop,5h 00m,"3,083"
584,IndiGo,1 Stop,5h 20m,"3,083"
585,IndiGo,1 Stop,5h 35m,"3,083"
586,IndiGo,1 Stop,6h 05m,"3,083"
587,IndiGo,1 Stop,6h 30m,"3,083"
588,IndiGo,1 Stop,6h 45m,"3,083"
589,IndiGo,1 Stop,8h 05m,"3,083"
590,IndiGo,1 Stop,8h 15m,"3,083"
591,IndiGo,1 Stop,8h 35m,"3,083"
592,IndiGo,1 Stop,8h 50m,"3,083"
593,IndiGo,1 Stop,9h 35m,"3,083"
594,Air Asia,1 Stop,5h 15m,"3,640"
595,Air Asia,1 Stop,5h 50m,"3,640"
596,Air Asia,1 Stop,8h 25m,"3,640"
597,Air Asia,1 Stop,9h 15m,"3,640"
598,Air Asia,1 Stop,9h 15m,"3,640"
599,Air Asia,1 Stop,9h 50m,"3,640"
600,Air Asia,1 Stop,9h 50m,"3,640"
601,Air Asia,1 Stop,9h 50m,"3,640"
602,Air Asia,1 Stop,13h 00m,"3,640"
603,IndiGo,1 Stop,7h 20m,"4,034"
604,IndiGo,1 Stop,9h 05m,"4,034"
605,IndiGo,1 Stop,5h 00m,"4,058"
606,IndiGo,1 Stop,6h 10m,"4,058"
607,IndiGo,1 Stop,6h 30m,"4,058"
608,IndiGo,1 Stop,6h 55m,"4,058"
609,IndiGo,1 Stop,7h 40m,"4,058"
610,IndiGo,1 Stop,8h 25m,"4,058"
611,IndiGo,1 Stop,8h 55m,"4,058"
612,IndiGo,1 Stop,10h 10m,"4,058"
613,IndiGo,1 Stop,4h 50m,"5,035"
614,IndiGo,1 Stop,5h 45m,"5,035"
615,IndiGo,2 Stop(s),9h 15m,"5,087"
616,Air India,2 Stop(s),7h 20m,"5,118"
617,Air India,2 Stop(s),17h 05m,"5,118"
618,Air India,2 Stop(s),18h 35m,"5,332"
619,Go First,1 Stop,7h 25m,"5,487"
620,Go First,1 Stop,7h 50m,"5,487"
621,Go First,1 Stop,12h 15m,"5,487"
622,Vistara,1 Stop,12h 15m,"5,734"
623,Air India,1 Stop,12h 35m,"5,734"
624,Vistara,1 Stop,13h 05m,"5,734"
625,Vistara,1 Stop,14h 05m,"5,734"
626,Air India,1 Stop,14h 45m,"5,734"
627,Air India,2 Stop(s),21h 30m,"5,734"
628,Air India,2 Stop(s),23h 40m,"5,734"
629,Vistara,1 Stop,6h 45m,"5,958"
630,Vistara,1 Stop,7h 55m,"5,958"
631,Vistara,1 Stop,12h 15m,"5,958"
632,Vistara,1 Stop,15h 50m,"5,958"
633,Vistara,1 Stop,16h 50m,"5,958"
634,Vistara,1 Stop,18h 15m,"5,958"
635,Vistara,1 Stop,19h 15m,"5,958"
636,Vistara,1 Stop,20h 45m,"5,958"
637,Vistara,1 Stop,21h 55m,"5,958"
638,Air India,1 Stop,13h 40m,"6,049"
639,Air India,1 Stop,14h 45m,"6,049"
640,Air India,1 Stop,15h 35m,"6,049"
641,Air India,1 Stop,15h 50m,"6,049"
642,Air India,1 Stop,16h 55m,"6,049"
643,Air India,1 Stop,17h 45m,"6,049"
644,Air India,1 Stop,18h 40m,"6,049"
645,Air India,1 Stop,20h 50m,"6,049"
646,Vistara,1 Stop,9h 20m,"6,358"
647,Vistara,1 Stop,10h 20m,"6,358"
648,Vistara,1 Stop,11h 30m,"6,358"
649,Vistara,1 Stop,15h 25m,"6,358"
650,Vistara,1 Stop,23h 20m,"6,358"
651,Air India,3 Stop(s),8h 20m,"6,619"
652,Air India,3 Stop(s),9h 05m,"6,871"
653,Vistara,2 Stop(s),11h 50m,"7,639"
654,Vistara,2 Stop(s),11h 50m,"7,639"
655,Vistara,2 Stop(s),25h 45m,"7,639"
656,Vistara,2 Stop(s),25h 45m,"7,639"
657,Vistara,2 Stop(s),25h 50m,"7,930"
658,Vistara,2 Stop(s),25h 50m,"7,930"
659,Vistara,2 Stop(s),13h 15m,"9,205"
660,Vistara,2 Stop(s),13h 15m,"9,205"
661,Vistara,2 Stop(s),10h 30m,"9,904"
662,Vistara,2 Stop(s),11h 00m,"9,904"
663,Vistara,2 Stop(s),12h 05m,"9,904"
664,Vistara,2 Stop(s),12h 05m,"9,904"
665,Air India,Non Stop,2h 05m,"2,107"
666,Air India,Non Stop,2h 10m,"2,107"
667,IndiGo,1 Stop,5h 35m,"2,107"
668,IndiGo,1 Stop,6h 30m,"2,107"
669,IndiGo,1 Stop,7h 20m,"2,107"
670,IndiGo,1 Stop,8h 45m,"2,107"
671,IndiGo,1 Stop,9h 05m,"2,107"
672,IndiGo,1 Stop,10h 10m,"2,107"
673,Air Asia,Non Stop,2h 10m,"2,849"
674,Go First,Non Stop,2h 05m,"2,850"
675,Go First,Non Stop,2h 10m,"2,850"
676,IndiGo,Non Stop,2h 05m,"3,051"
677,IndiGo,Non Stop,2h 10m,"3,051"
678,IndiGo,1 Stop,4h 35m,"3,083"
679,IndiGo,1 Stop,5h 00m,"3,083"
680,IndiGo,1 Stop,5h 20m,"3,083"
681,IndiGo,1 Stop,6h 05m,"3,083"
682,IndiGo,1 Stop,6h 40m,"3,083"
683,IndiGo,1 Stop,6h 45m,"3,083"
684,IndiGo,1 Stop,8h 05m,"3,083"
685,IndiGo,1 Stop,8h 15m,"3,083"
686,IndiGo,1 Stop,8h 35m,"3,083"
687,IndiGo,1 Stop,8h 50m,"3,083"
688,IndiGo,1 Stop,9h 10m,"3,083"
689,IndiGo,1 Stop,9h 35m,"3,083"
690,Air Asia,1 Stop,5h 15m,"3,640"
691,Air Asia,1 Stop,5h 50m,"3,640"
692,Air Asia,1 Stop,8h 25m,"3,640"
693,Air Asia,1 Stop,9h 15m,"3,640"
694,Air Asia,1 Stop,9h 15m,"3,640"
695,Air Asia,1 Stop,9h 50m,"3,640"
696,Air Asia,1 Stop,9h 50m,"3,640"
697,Air Asia,1 Stop,9h 50m,"3,640"
698,Air Asia,1 Stop,13h 00m,"3,640"
699,IndiGo,1 Stop,4h 50m,"4,058"
700,IndiGo,1 Stop,5h 00m,"4,058"
701,IndiGo,1 Stop,6h 10m,"4,058"
702,IndiGo,1 Stop,6h 30m,"4,058"
703,IndiGo,1 Stop,6h 55m,"4,058"
704,IndiGo,1 Stop,7h 40m,"4,058"
705,IndiGo,1 Stop,8h 25m,"4,058"
706,IndiGo,1 Stop,8h 55m,"4,058"
707,IndiGo,1 Stop,4h 15m,"4,454"
708,IndiGo,1 Stop,10h 20m,"4,454"
709,Go First,1 Stop,7h 50m,"4,839"
710,Go First,1 Stop,12h 15m,"4,839"
711,IndiGo,2 Stop(s),9h 15m,"5,087"
712,Air India,2 Stop(s),7h 20m,"5,118"
713,Air India,2 Stop(s),17h 05m,"5,118"
714,Air India,2 Stop(s),18h 35m,"5,118"
715,Go First,1 Stop,7h 25m,"5,487"
716,Vistara,1 Stop,12h 15m,"5,734"
717,Air India,1 Stop,12h 35m,"5,734"
718,Vistara,1 Stop,13h 05m,"5,734"
719,Air India,1 Stop,13h 40m,"5,734"
720,Vistara,1 Stop,14h 05m,"5,734"
721,Air India,1 Stop,14h 45m,"5,734"
722,Air India,1 Stop,14h 45m,"5,734"
723,Air India,1 Stop,15h 35m,"5,734"
724,Air India,1 Stop,15h 50m,"5,734"
725,Air India,1 Stop,16h 55m,"5,734"
726,Air India,1 Stop,17h 45m,"5,734"
727,Air India,1 Stop,18h 40m,"5,734"
728,Air India,1 Stop,20h 50m,"5,734"
729,Air India,2 Stop(s),21h 30m,"5,734"
730,Air India,2 Stop(s),23h 40m,"5,734"
731,Vistara,1 Stop,6h 45m,"5,958"
732,Vistara,1 Stop,7h 55m,"5,958"
733,Vistara,1 Stop,12h 15m,"5,958"
734,Vistara,1 Stop,15h 50m,"5,958"
735,Vistara,1 Stop,16h 50m,"5,958"
736,Vistara,1 Stop,18h 15m,"5,958"
737,Vistara,1 Stop,19h 15m,"5,958"
738,Vistara,1 Stop,20h 45m,"5,958"
739,Vistara,1 Stop,21h 55m,"5,958"
740,IndiGo,1 Stop,5h 45m,"6,010"
741,Vistara,1 Stop,9h 20m,"6,358"
742,Vistara,1 Stop,10h 20m,"6,358"
743,Vistara,1 Stop,11h 30m,"6,358"
744,Vistara,1 Stop,14h 00m,"6,358"
745,Vistara,1 Stop,15h 25m,"6,358"
746,Vistara,1 Stop,23h 20m,"6,358"
747,Air India,3 Stop(s),8h 20m,"6,619"
748,Air India,3 Stop(s),9h 05m,"6,871"
749,Air India,3 Stop(s),16h 35m,"6,871"
750,Vistara,2 Stop(s),11h 50m,"7,639"
751,Vistara,2 Stop(s),11h 50m,"7,639"
752,Vistara,2 Stop(s),25h 45m,"7,639"
753,Vistara,2 Stop(s),25h 45m,"7,639"
754,Vistara,2 Stop(s),25h 50m,"7,930"
755,Vistara,2 Stop(s),25h 50m,"7,930"
756,Vistara,2 Stop(s),13h 15m,"9,205"
757,Vistara,2 Stop(s),13h 15m,"9,205"
758,Vistara,2 Stop(s),10h 30m,"9,904"
759,Vistara,2 Stop(s),11h 00m,"9,904"
760,Vistara,2 Stop(s),12h 05m,"9,904"
761,Vistara,2 Stop(s),12h 05m,"9,904"
762,Air India,Non Stop,2h 10m,"2,107"
763,IndiGo,1 Stop,8h 45m,"2,107"
764,Air India,Non Stop,2h 05m,"2,544"
765,Air Asia,Non Stop,2h 10m,"2,849"
766,Go First,Non Stop,2h 05m,"2,850"
767,Go First,Non Stop,2h 10m,"2,850"
768,IndiGo,1 Stop,4h 15m,"3,083"
769,IndiGo,1 Stop,5h 20m,"3,083"
770,IndiGo,1 Stop,6h 05m,"3,083"
771,IndiGo,1 Stop,8h 05m,"3,083"
772,IndiGo,1 Stop,8h 15m,"3,083"
773,IndiGo,1 Stop,9h 35m,"3,083"
774,IndiGo,Non Stop,2h 05m,"3,261"
775,IndiGo,Non Stop,2h 10m,"3,261"
776,Air Asia,1 Stop,5h 15m,"3,640"
777,Air Asia,1 Stop,5h 50m,"3,640"
778,Air Asia,1 Stop,8h 25m,"3,640"
779,Air Asia,1 Stop,9h 15m,"3,640"
780,Air Asia,1 Stop,9h 15m,"3,640"
781,Air Asia,1 Stop,9h 50m,"3,640"
782,Air Asia,1 Stop,9h 50m,"3,640"
783,Air Asia,1 Stop,9h 50m,"3,640"
784,Air Asia,1 Stop,13h 00m,"3,640"
785,IndiGo,1 Stop,5h 00m,"3,876"
786,IndiGo,1 Stop,7h 20m,"3,876"
787,IndiGo,1 Stop,8h 50m,"3,876"
788,IndiGo,1 Stop,9h 05m,"3,876"
789,IndiGo,1 Stop,10h 10m,"3,876"
790,IndiGo,1 Stop,6h 40m,"4,034"
791,IndiGo,1 Stop,8h 35m,"4,034"
792,IndiGo,1 Stop,5h 05m,"4,058"
793,IndiGo,1 Stop,5h 35m,"4,058"
794,IndiGo,1 Stop,6h 10m,"4,058"
795,IndiGo,1 Stop,6h 30m,"4,058"
796,IndiGo,1 Stop,6h 55m,"4,058"
797,IndiGo,1 Stop,9h 10m,"4,058"
798,IndiGo,1 Stop,6h 45m,"4,244"
799,IndiGo,1 Stop,4h 35m,"4,401"
800,Go First,1 Stop,12h 15m,"4,839"
801,IndiGo,1 Stop,4h 50m,"5,035"
802,IndiGo,1 Stop,5h 00m,"5,035"
803,IndiGo,1 Stop,5h 45m,"5,035"
804,IndiGo,1 Stop,7h 40m,"5,035"
805,IndiGo,1 Stop,8h 25m,"5,035"
806,IndiGo,1 Stop,8h 55m,"5,035"
807,IndiGo,2 Stop(s),9h 15m,"5,087"
808,Air India,2 Stop(s),7h 20m,"5,118"
809,Air India,2 Stop(s),17h 05m,"5,118"
810,Air India,2 Stop(s),18h 35m,"5,118"
811,Go First,1 Stop,7h 25m,"5,487"
812,Vistara,1 Stop,12h 15m,"5,734"
813,Air India,1 Stop,12h 35m,"5,734"
814,Vistara,1 Stop,13h 05m,"5,734"
815,Air India,1 Stop,13h 40m,"5,734"
816,Vistara,1 Stop,14h 05m,"5,734"
817,Air India,1 Stop,14h 45m,"5,734"
818,Air India,1 Stop,14h 45m,"5,734"
819,Air India,1 Stop,15h 35m,"5,734"
820,Air India,1 Stop,15h 50m,"5,734"
821,Air India,1 Stop,16h 55m,"5,734"
822,Air India,1 Stop,17h 45m,"5,734"
823,Air India,2 Stop(s),21h 30m,"5,734"
824,Air India,2 Stop(s),23h 40m,"5,734"
825,Vistara,1 Stop,6h 45m,"5,958"
826,Vistara,1 Stop,7h 55m,"5,958"
827,Vistara,1 Stop,12h 15m,"5,958"
828,Vistara,1 Stop,15h 50m,"5,958"
829,Vistara,1 Stop,16h 50m,"5,958"
830,Vistara,1 Stop,18h 15m,"5,958"
831,Vistara,1 Stop,19h 15m,"5,958"
832,Vistara,1 Stop,20h 45m,"5,958"
833,Vistara,1 Stop,21h 55m,"5,958"
834,IndiGo,1 Stop,6h 30m,"6,010"
835,Air India,1 Stop,18h 40m,"6,049"
836,Air India,1 Stop,20h 50m,"6,049"
837,Vistara,1 Stop,9h 20m,"6,358"
838,Vistara,1 Stop,10h 20m,"6,358"
839,Vistara,1 Stop,11h 30m,"6,358"
840,Vistara,1 Stop,15h 25m,"6,358"
841,Vistara,1 Stop,23h 20m,"6,358"
842,Vistara,1 Stop,14h 00m,"6,568"
843,Air India,3 Stop(s),8h 20m,"6,934"
844,Air India,3 Stop(s),9h 05m,"7,134"
845,Vistara,2 Stop(s),11h 50m,"7,639"
846,Vistara,2 Stop(s),11h 50m,"7,639"
847,Vistara,2 Stop(s),25h 50m,"7,639"
848,Vistara,2 Stop(s),25h 50m,"7,639"
849,Vistara,2 Stop(s),25h 45m,"7,930"
850,Vistara,2 Stop(s),25h 45m,"7,930"
851,Vistara,2 Stop(s),10h 30m,"9,904"
852,Vistara,2 Stop(s),11h 00m,"9,904"
853,Vistara,2 Stop(s),12h 05m,"9,904"
854,Vistara,2 Stop(s),12h 05m,"9,904"
855,Vistara,2 Stop(s),13h 15m,"9,940"
856,Vistara,2 Stop(s),13h 15m,"9,940"
857,Air India,Non Stop,2h 10m,"2,107"
858,Air India,Non Stop,2h 05m,"2,544"
859,Air Asia,Non Stop,2h 10m,"2,849"
860,Go First,Non Stop,2h 05m,"2,850"
861,Go First,Non Stop,2h 10m,"2,850"
862,Air Asia,1 Stop,5h 15m,"3,640"
863,Air Asia,1 Stop,5h 50m,"3,640"
864,Air Asia,1 Stop,8h 25m,"3,640"
865,Air Asia,1 Stop,9h 15m,"3,640"
866,Air Asia,1 Stop,9h 15m,"3,640"
867,Air Asia,1 Stop,9h 50m,"3,640"
868,Air Asia,1 Stop,9h 50m,"3,640"
869,Air Asia,1 Stop,9h 50m,"3,640"
870,Air Asia,1 Stop,13h 00m,"3,640"
871,IndiGo,1 Stop,8h 45m,"3,666"
872,IndiGo,1 Stop,10h 20m,"3,666"
873,IndiGo,Non Stop,2h 05m,"3,786"
874,IndiGo,Non Stop,2h 10m,"3,786"
875,IndiGo,1 Stop,7h 20m,"3,929"
876,IndiGo,1 Stop,9h 05m,"3,929"
877,IndiGo,1 Stop,4h 35m,"4,086"
878,IndiGo,1 Stop,5h 00m,"4,086"
879,IndiGo,1 Stop,5h 35m,"4,086"
880,IndiGo,1 Stop,6h 30m,"4,086"
881,IndiGo,1 Stop,6h 40m,"4,086"
882,IndiGo,1 Stop,6h 45m,"4,086"
883,IndiGo,1 Stop,8h 50m,"4,086"
884,IndiGo,1 Stop,9h 10m,"4,091"
885,IndiGo,1 Stop,8h 35m,"4,506"
886,IndiGo,1 Stop,10h 10m,"4,506"
887,Go First,1 Stop,7h 50m,"4,839"
888,Go First,1 Stop,12h 15m,"4,839"
889,Air India,2 Stop(s),17h 05m,"5,118"
890,Air India,2 Stop(s),18h 35m,"5,118"
891,IndiGo,1 Stop,4h 15m,"5,241"
892,Air India,2 Stop(s),7h 20m,"5,332"
893,Go First,1 Stop,7h 25m,"5,487"
894,Air India,1 Stop,13h 40m,"5,734"
895,Air India,1 Stop,14h 45m,"5,734"
896,Air India,1 Stop,15h 50m,"5,734"
897,Air India,1 Stop,16h 55m,"5,734"
898,Air India,2 Stop(s),21h 30m,"5,734"
899,Air India,2 Stop(s),23h 40m,"5,734"
900,Air India,2 Stop(s),25h 05m,"5,734"
901,Air India,2 Stop(s),27h 15m,"5,734"
902,Air India,1 Stop,12h 35m,"6,049"
903,Air India,1 Stop,14h 45m,"6,049"
904,Air India,1 Stop,15h 35m,"6,049"
905,Air India,1 Stop,17h 45m,"6,049"
906,IndiGo,1 Stop,5h 20m,"6,102"
907,IndiGo,1 Stop,6h 05m,"6,102"
908,IndiGo,1 Stop,8h 05m,"6,102"
909,IndiGo,1 Stop,9h 35m,"6,102"
910,IndiGo,1 Stop,8h 15m,"6,210"
911,Air India,1 Stop,18h 40m,"6,469"
912,Air India,1 Stop,20h 50m,"6,469"
913,Air India,1 Stop,24h 45m,"6,469"
914,Air India,1 Stop,25h 40m,"6,469"
915,Air India,1 Stop,26h 55m,"6,469"
916,Air India,1 Stop,27h 50m,"6,469"
917,Air India,3 Stop(s),8h 20m,"6,619"
918,Air India,3 Stop(s),9h 05m,"7,134"
919,Vistara,1 Stop,12h 15m,"7,660"
920,Vistara,1 Stop,13h 05m,"7,660"
921,Vistara,1 Stop,14h 05m,"7,660"
922,IndiGo,1 Stop,4h 50m,"7,722"
923,IndiGo,1 Stop,6h 30m,"7,722"
924,IndiGo,1 Stop,7h 40m,"7,722"
925,IndiGo,1 Stop,8h 25m,"7,722"
926,Vistara,1 Stop,6h 45m,"7,883"
927,Vistara,1 Stop,7h 55m,"7,883"
928,Vistara,1 Stop,12h 15m,"7,883"
929,Vistara,1 Stop,15h 50m,"7,883"
930,Vistara,1 Stop,16h 50m,"7,883"
931,Air India,Non Stop,2h 10m,"2,107"
932,IndiGo,1 Stop,8h 45m,"2,107"
933,IndiGo,1 Stop,10h 20m,"2,107"
934,Air India,Non Stop,2h 05m,"2,544"
935,Air Asia,Non Stop,2h 10m,"2,849"
936,Go First,Non Stop,2h 05m,"2,850"
937,Go First,Non Stop,2h 10m,"2,850"
938,IndiGo,1 Stop,5h 00m,"3,083"
939,IndiGo,1 Stop,6h 05m,"3,083"
940,IndiGo,1 Stop,6h 30m,"3,083"
941,IndiGo,1 Stop,6h 45m,"3,083"
942,IndiGo,1 Stop,8h 15m,"3,083"
943,IndiGo,1 Stop,8h 50m,"3,083"
944,IndiGo,1 Stop,9h 05m,"3,083"
945,IndiGo,Non Stop,2h 05m,"3,786"
946,IndiGo,Non Stop,2h 10m,"3,786"
947,Air Asia,1 Stop,5h 15m,"4,040"
948,Air Asia,1 Stop,5h 50m,"4,040"
949,Air Asia,1 Stop,8h 25m,"4,040"
950,Air Asia,1 Stop,9h 15m,"4,040"
951,Air Asia,1 Stop,9h 15m,"4,040"
952,Air Asia,1 Stop,9h 50m,"4,040"
953,Air Asia,1 Stop,9h 50m,"4,040"
954,Air Asia,1 Stop,9h 50m,"4,040"
955,Air Asia,1 Stop,13h 00m,"4,040"
956,IndiGo,1 Stop,4h 15m,"4,058"
957,IndiGo,1 Stop,4h 35m,"4,058"
958,IndiGo,1 Stop,4h 50m,"4,058"
959,IndiGo,1 Stop,5h 20m,"4,058"
960,IndiGo,1 Stop,5h 45m,"4,058"
961,IndiGo,1 Stop,6h 30m,"4,058"
962,IndiGo,1 Stop,6h 40m,"4,058"
963,IndiGo,1 Stop,7h 20m,"4,058"
964,IndiGo,1 Stop,7h 40m,"4,058"
965,IndiGo,1 Stop,8h 05m,"4,058"
966,IndiGo,1 Stop,8h 25m,"4,058"
967,IndiGo,1 Stop,8h 35m,"4,058"
968,IndiGo,1 Stop,8h 55m,"4,058"
969,IndiGo,1 Stop,9h 35m,"4,058"
970,IndiGo,1 Stop,10h 10m,"4,058"
971,IndiGo,1 Stop,9h 10m,"4,834"
972,Go First,1 Stop,7h 50m,"4,839"
973,Go First,1 Stop,12h 15m,"4,839"
974,IndiGo,1 Stop,5h 35m,"4,926"
975,IndiGo,1 Stop,5h 00m,"5,035"
976,IndiGo,1 Stop,6h 55m,"5,035"
977,IndiGo,2 Stop(s),9h 15m,"5,087"
978,Air India,2 Stop(s),7h 20m,"5,118"
979,Air India,2 Stop(s),17h 05m,"5,118"
980,Air India,2 Stop(s),18h 35m,"5,118"
981,Go First,1 Stop,7h 25m,"5,487"
982,Air India,1 Stop,12h 35m,"5,734"
983,Air India,1 Stop,13h 40m,"5,734"
984,Air India,1 Stop,14h 45m,"5,734"
985,Air India,1 Stop,14h 45m,"5,734"
986,Air India,1 Stop,15h 35m,"5,734"
987,Air India,1 Stop,15h 50m,"5,734"
988,Air India,1 Stop,16h 55m,"5,734"
989,Air India,1 Stop,17h 45m,"5,734"
990,Air India,1 Stop,18h 40m,"5,734"
991,Air India,1 Stop,20h 50m,"5,734"
992,Air India,2 Stop(s),21h 30m,"5,734"
993,Air India,2 Stop(s),23h 40m,"5,734"
994,Air India,1 Stop,24h 45m,"5,734"
995,Air India,2 Stop(s),25h 05m,"5,734"
996,Air India,1 Stop,26h 55m,"5,734"
997,Air India,2 Stop(s),27h 15m,"5,734"
998,IndiGo,1 Stop,6h 10m,"6,010"
999,Air India,1 Stop,25h 40m,"6,049"
1000,Air India,1 Stop,27h 50m,"6,049"
1001,Air India,3 Stop(s),8h 20m,"6,829"
1002,Air India,3 Stop(s),16h 35m,"7,498"
1003,Vistara,1 Stop,12h 15m,"7,660"
1004,Vistara,1 Stop,13h 05m,"7,660"
1005,Vistara,1 Stop,14h 05m,"7,660"
1006,Vistara,1 Stop,6h 45m,"7,883"
1007,Vistara,1 Stop,7h 55m,"7,883"
1008,Vistara,1 Stop,12h 15m,"7,883"
1009,Vistara,1 Stop,15h 50m,"7,883"
1010,Vistara,1 Stop,16h 50m,"7,883"
1011,Vistara,1 Stop,18h 15m,"7,883"
1012,Vistara,1 Stop,19h 15m,"7,883"
1013,Vistara,1 Stop,20h 45m,"7,883"
1014,Vistara,1 Stop,21h 55m,"7,883"
1015,Air India,3 Stop(s),9h 05m,"8,233"
1016,Vistara,1 Stop,9h 20m,"8,283"
1017,Vistara,1 Stop,10h 20m,"8,283"
1018,Vistara,1 Stop,11h 30m,"8,283"
1019,Vistara,1 Stop,14h 00m,"8,283"
1020,Vistara,1 Stop,15h 25m,"8,283"
1021,Vistara,1 Stop,23h 20m,"8,283"
1022,Vistara,2 Stop(s),11h 50m,"8,421"
1023,Vistara,2 Stop(s),11h 50m,"8,421"
1024,Vistara,2 Stop(s),25h 45m,"8,421"
1025,Vistara,2 Stop(s),25h 45m,"8,421"
1026,Vistara,2 Stop(s),25h 50m,"8,421"
1027,Vistara,2 Stop(s),25h 50m,"8,421"
1028,Vistara,2 Stop(s),13h 15m,"9,987"
1029,Vistara,2 Stop(s),13h 15m,"9,987"
1030,Vistara,2 Stop(s),10h 30m,"10,687"
1031,Vistara,2 Stop(s),11h 00m,"10,687"
1032,Vistara,2 Stop(s),12h 05m,"10,687"
1033,Vistara,2 Stop(s),12h 05m,"10,687"
